<?xml version="1.0" encoding="UTF-8"?>
<project-private xmlns="http://www.netbeans.org/ns/project-private/1">
    <editor-bookmarks xmlns="http://www.netbeans.org/ns/editor-bookmarks/2" lastBookmarkId="0"/>
    <open-files xmlns="http://www.netbeans.org/ns/projectui-open-files/2">
        <group>
            <file>file:/C:/Users/ASUS/Documents/NetBeansProjects/CollabRoom/src/adminpanel/AdminLoginController.java</file>
            <file>file:/C:/Users/ASUS/Documents/NetBeansProjects/CollabRoom/src/adminpanel/AdminPanelController.java</file>
            <file>file:/C:/Users/ASUS/Documents/NetBeansProjects/CollabRoom/src/adminpanel/DatabaseConnection.java</file>
            <file>file:/C:/Users/ASUS/Documents/NetBeansProjects/CollabRoom/src/adminpanel/AdminLogin.fxml</file>
            <file>file:/C:/Users/ASUS/Documents/NetBeansProjects/CollabRoom/src/adminpanel/SettingsPanel.fxml</file>
        </group>
    </open-files>
</project-private>
